variable,label
contrib_total_bool,Contributed
contrib_total_bool:family_firm,\ $\times$ Family Firm
party_lag,Lagged Contribution (binary)
party_lag:family_firm,\ $\times$ Family Firm
has_ties,Family Firm
family_firm,Family Firm
family_firm:n_ties,Num. Family Members
family_firm:n_loans_bool,\ $\times$ BNDES Debt (binary)
family_firm:debt_ratio,\ $\times$ BNDES Debt / Assets
n_ind_with_ties,Number of Individuals with Ties
n_loans_bool,BNDES Debt (binary)
debt_ratio,BNDES Debt / Assets
log(contrib_total_controlled_all_lag),Lagged Contributions (log)
institutional_ownership,Institutional Ownership
assets_log,Assets (log)
income_log,Income (log)
age_log,Age (log)
age,Age
foreign,Foreign
state_owned,State-Owned
holding,Holding
infrastructure,Infrastructure
financial,Financial
ordinary_shares_natural,\multirow{2}{*}{\shortstack{Ordinary Shares Owned\\ by Natural Person (%)}}
ordinary_herfindahl,\multirow{2}{*}{\shortstack{Concentration of Ordinary\\ Shares (Herfindahl)}}
total_shares_free_float_direct,Total Shares in Free Float
ordinary_shares_free_float_direct,Ordinary Shares in Free Float
ordinary_shares_free_float_direct_squared,\multirow{2}{*}{\shortstack{Ordinary Shares in Free Float\\ (squared)}}
free_float_gap,Free float gap
has_preferential_shares,Preferential Shares (binary)
largest_shareholder_gap,Largest Shareholder Gap
contrib_total,Contributions by the Firm
contrib_total_controlled_plus,\multirow{2}{*}{\shortstack{Contributions by the Firm\\ + Subsidiaries}}
contrib_total_controlled_all,\multirow{2}{*}{\shortstack{Contributions by the Firm\\ + Leadership}}
contrib_n_parties_controlled_all,\multirow{2}{*}{\shortstack{Number of Parties to which\\ the Firm Contributes}}
contrib_n_eff_parties_controlled_all,\multirow{2}{*}{\shortstack{Effective Number of Parties to\\ which the Firm Contributes}}
has_contrib_total,Firms that Contributed (\%)
bndes_bool,BNDES Loans (binary)
bndes_value,BNDES Loans (US$)
bndes_ratio,BNDES Loans / Assets
industry,Industry
(Intercept),Constant
