variable,description,support,source
in_family,Indicator of membership in the family that controls the firm.,"$\{0,1\}$",CVM
num_ties_closure,Number of family ties to individuals in leadership positions in firms in the sample.,$\N$,CVM
contrib_total,Value (in 2020 US dollars) of all contributions by the individual.,$\R_+$,TSE
is_manager,"Indicator of top management position (e.g., CEO or COO).","$\{0,1\}$",CVM
is_in_bod_and_management,Indicator of top management position and seat in the firm's board of directors.,"$\{0,1\}$",CVM
shares_ordinary,"Fraction of the firm's voting shares owned by an individual. We have data on ultimate ownership of shares, so we capture ownership through, for example, societies.","$[0,1]$",CVM
politician,Whether an individual held elected office according to her biography.,"$\{0,1\}$",CVM
public_sector,Whether an individual worked in the government according to her biography.,"$\{0,1\}$",CVM
age_log,Natural logarithm of age.,$\R_+$,CVM
