variable,description,support,source
family_firm,An individual or family is the ultimate owner of a plurality of voting shares and at least one family member who is not the only owner has a top executive position.,"$\{0,1\}$",CVM
n_ind_with_ties,Number of individuals in the top management and the board of directors who have family ties to members of the controlling family.,$\mathbb{N}$,CVM
contrib_total,Value (in 2020 US dollars) of all contributions by the firm.,$\mathbb{R}_{+}$,TSE
contrib_total_controlled_plus,"Same as above, but including contributions by firms controlled by the firm.",$\mathbb{R}_{+}$,TSE
contrib_total_controlled_all,"Same as above, but including contributions by individuals in the firm's top management or board of directors.",$\mathbb{R}_{+}$,TSE
contrib_n_parties_controlled_all,"Number of parties to which the firm, its subsidiaries or the members of its leadership contributed.",$\mathbb{N}$,TSE
contrib_n_eff_parties_controlled_all,"If the firm contributed $x_i$ US dollars to party $i=1,\ldots,n$, the effective number of parties is $(\sum_{i=1}^n x_i)^2/\sum_{i=1}^n x_i^2$, or $0$ if the firm did not make any contribution.",$\mathbb{R}_{+}$,TSE
bndes_bool,Whether the firm received loans from the BNDES in the period between two election years.,"$\{0,1\}$",BNDES
bndes_ratio,The combined value of all loans received in the period between two elections (or 0 if no loans were received) divided by the book value of the firm's assets (both in 2020 US dollars).,"$[0,1]$",BNDES
assets_log,Assets (book value).,$\mathbb{R}_{+}$,CVM
income_log,Gross income (net of sales taxes).,$\mathbb{R}_{+}$,CVM
age_log,Number of years since the firm was founded.,$\mathbb{R}_{+}$,CVM
foreign,A firm defined as foreign in the CVM data.,"$\{0,1\}$",CVM
state_owned,A firm defined as state-owned in the CVM data.,"$\{0,1\}$",CVM
industry,"Industries are grouped according to the highest aggregation level in the National Classification of Economic Activities (CNAE), with two exceptions: (1) \textit{Services}, an indicator combining all industries in non-financial services, and (2) \textit{Holdings}, an indicator for multi-industry holdings (considered separately from the CNAE financial services category).",Categorical,CNPJ
ordinary_shares_natural,Fraction of shares owned by natural persons (the rest are owned by institutional investors or traded in public markets).,"$[0,1]$",CVM
ordinary_herfindahl,"If the ultimate owners $i=1,\ldots,n$ hold (perhaps indirectly) a fraction $x_i\in[0,1]$ of the voting shares, the Herfindahl index of concentration is $\sum_{i=1}^n x_i^2$.","$[0,1]$",CVM
ordinary_shares_free_float_direct,Fraction of the voting shares that are traded in the public market.,"$[0,1]$",CVM
has_preferential_shares,Whether the firm has issued a class of shares without full voting rights.,"$\{0,1\}$",CVM
largest_shareholder_gap,"Difference between the fraction of shares with full voting rights owned by the largest shareholder minus the fraction of all shares owned by her. If there are no dual-class shares, this number is 0. Otherwise it measures the gap between control rights and cash-flow rights by the largest shareholder.","$[-1,1]$",CVM
institutional_ownership,Fraction of voting shares owned by legal persons or traded freely in the stock market.,"[0,1]",CVM
